city,heavy,medium,light,good
Beijing,0.17260061919504643,0.268937048503612,0.24742002063983487,0.3110423116615067
Chengdu,0.11036339165545088,0.2532077164647824,0.39883355764917006,0.23759533423059667
Guangzhou,0.01225465776626482,0.14715552455913122,0.4265716847663645,0.4140181329082395
Shanghai,0.05158035193061463,0.18493036443999666,0.3679843215745142,0.3955049620548745
Shenyang,0.11839780090320047,0.26187904967602593,0.32770469271549185,0.29201845670528176
